{"initial_reset_timestamp": 1606909679.1574843, "timestamps": [1606910346.4101672, 1606911055.546439], "episode_lengths": [166, 171], "episode_rewards": [53.12486684319503, 58.977285145615944], "episode_types": ["t", "t"]}